{
    "$schema": "https://github.com/ManualForArchipelago/Manual/raw/main/schemas/Manual.regions.schema.json",
    "ExampleRegion":{
        "connects_to": ["Second Region"],
        "requires": "|Ryu| or {YamlCompare(Example_Range >= example )}",
        "starting": true
    },
    "Second Region": {
        "requires": "|@Characters:1|",
        "connects_to": ["Third Region"],
        "exit_requires": {
            "Third Region": "|@Characters:5|"
        }
    },
    "Third Region": {
        "connects_to": []
    }
}
